{
    "image": "mcr.microsoft.com/vscode/devcontainers/python:3.10",
    "postCreateCommand": "sh ./.devcontainer/setup.sh",
    "customizations": {
        "vscode": {
            "settings": {
                "python.testing.pytestEnabled": true,
                "editor.formatOnSave": true,
                "editor.codeActionsOnSave": {
                    "source.organizeImports": true
                },
                "[python]": {
                    "editor.defaultFormatter": "ms-python.black-formatter"
                },
                "editor.rulers": [
                    80
                ]
            },
            "extensions": [
                "ms-python.python",
                "ms-python.isort",
                "ms-python.flake8",
                "ms-python.black-formatter"
            ]
        }
    },
    "features": {
        "ghcr.io/devcontainers/features/github-cli:1": {}
    }
}
